{
  "formula": "B_c17",
  "ndim": 3,
  "nwalkers": 40,
  "nsteps": 2000,
  "nburn": 500,
  "theta_0": [
    0.036304515,
    8.0,
    0.7405348
  ],
  "autocorr_time": [
    83.4224640914146,
    59.96173360825835,
    86.98123678280004
  ],
  "median": [
    0.060946704070581455,
    9.501809642720872,
    -0.07497376629589984
  ],
  "std": [
    0.020939843482822938,
    3.135442590626881,
    0.7471970763820638
  ],
  "percentiles_16": [
    0.03650276685932298,
    5.82801563201763,
    -0.4650640038794977
  ],
  "percentiles_84": [
    0.08449344419983473,
    13.23956533734568,
    0.8528204008199062
  ],
  "percentiles_2.5": [
    0.0245013861856269,
    4.338404917483704,
    -0.6940094077551292
  ],
  "percentiles_97.5": [
    0.09645904483324023,
    14.723158947102576,
    2.109634860897547
  ],
  "acceptance_fraction": 0.4487375
}