{
  "formula": "B_c15",
  "ndim": 2,
  "nwalkers": 32,
  "nsteps": 2000,
  "nburn": 500,
  "theta_0": [
    0.044691067,
    7.691
  ],
  "autocorr_time": [
    32.03629963964702,
    32.28565518699163
  ],
  "median": [
    0.05992185139954792,
    9.70552064883923
  ],
  "std": [
    0.008324691898731758,
    3.121549775154523
  ],
  "percentiles_16": [
    0.051937800492711364,
    5.927593552743997
  ],
  "percentiles_84": [
    0.06851380252255157,
    13.237731106261734
  ],
  "percentiles_2.5": [
    0.045407502926758485,
    4.329398106543694
  ],
  "percentiles_97.5": [
    0.07793986758913321,
    14.729065701716097
  ],
  "acceptance_fraction": 0.6740781250000001
}